<?xml version="1.0" encoding="UTF-8"?>
<graphml xmlns="http://graphml.graphdrawing.org/xmlns"  
    xmlns:xsi="http://www.w3.org/2001/XMLSchema-instance"
    xsi:schemaLocation="http://graphml.graphdrawing.org/xmlns
     http://graphml.graphdrawing.org/xmlns/1.0/graphml.xsd">
  <graph id="miniGraph" edgedefault="undirected">
  
    <node id="a"/>
    <node id="b"/> 
    <node id="c"/>
	
    <edge id="e0" source="a" target="b"/>
	<edge id="e1" source="b" target="c"/>
	<edge id="e2" source="a" target="b"/>
	<edge id="e3" source="c" target="a"/>
	
    
  </graph>
</graphml> 