<?xml version="1.0" encoding="UTF-8"?>
<graphml xmlns="http://graphml.graphdrawing.org/xmlns"  
    xmlns:xsi="http://www.w3.org/2001/XMLSchema-instance"
    xsi:schemaLocation="http://graphml.graphdrawing.org/xmlns
     http://graphml.graphdrawing.org/xmlns/1.0/graphml.xsd">
    <graph id="toColorGraph" edgedefault="undirected">
    <node id="a"/>
    <node id="b"/> 
    <node id="c"/>
    <node id="d"/>
    <node id="e"/>
    <node id="f"/>
    
    <edge id="e0" source="a" target="c"/>
    <edge id="e1" source="a" target="f"/>
    
    <edge id="e2" source="f" target="e"/>
    <edge id="e3" source="f" target="c"/>
    <edge id="e4" source="f" target="d"/>
    <edge id="e5" source="f" target="b"/>
    
    <edge id="e6" source="c" target="b"/>
    <edge id="e7" source="c" target="d"/>
    <edge id="e8" source="c" target="e"/>
    
    <edge id="e9" source="b" target="e"/>
    
    <edge id="e10" source="d" target="e"/>
    </graph>
</graphml> 